ICpfCarrier,ICpfCarrier.Cpf
Processing.Scheduled.Worker.Models.Billing,88611666607
Processing.Scheduled.Worker.Models.Billing,81712597582
Processing.Scheduled.Worker.Models.Billing,66944742020
Processing.Scheduled.Worker.Models.Billing,73066584682
Processing.Scheduled.Worker.Models.Billing,66516245126
Processing.Scheduled.Worker.Models.Billing,13527411801
Processing.Scheduled.Worker.Models.Billing,17603880920
Processing.Scheduled.Worker.Models.Billing,56745043181
Processing.Scheduled.Worker.Models.Billing,81887533869
Processing.Scheduled.Worker.Models.Billing,44617712020
Processing.Scheduled.Worker.Models.Billing,17103624135
Processing.Scheduled.Worker.Models.Billing,41535808721
Processing.Scheduled.Worker.Models.Billing,76194707437
Processing.Scheduled.Worker.Models.Billing,51031566791
Processing.Scheduled.Worker.Models.Billing,23048261303
Processing.Scheduled.Worker.Models.Billing,84677230331
Processing.Scheduled.Worker.Models.Billing,14482571407
Processing.Scheduled.Worker.Models.Billing,70178708593
Processing.Scheduled.Worker.Models.Billing,67942562239
Processing.Scheduled.Worker.Models.Billing,57437719282
